,samba-clinic,scm-clinic,random_scm-clinic,random_forest-clinic,adaboost-clinic,decision_tree-clinic,decision_tree-methyl,scm-methyl,decision_tree-rna_iso,scm-mirna,decision_tree-mirna,scm-rna_iso,samba-methyl,decision_tree-rna,adaboost-methyl,random_forest-mirna,random_scm-methyl,random_forest-methyl,samba-mirna,adaboost-rna_iso,random_scm-mirna,scm-rna,adaboost-mirna,random_scm-rna,random_scm-rna_iso,samba-rna_iso,random_forest-rna,adaboost-rna,random_forest-rna_iso,samba-rna
Train,0.8330987168907658,0.5487031373881527,0.6320000647217773,0.6376146788990826,0.6381486335614776,0.9798877077164538,1.0,0.955026455026455,1.0,0.9372036956134815,1.0,0.9791838583887513,0.9973544973544973,1.0,1.0,1.0,0.9682458780318108,1.0,0.9506011035063022,1.0,0.9610132194230053,0.9717732148924809,1.0,0.9791838583887513,0.9791838583887513,0.9809475268190865,1.0,1.0,0.981651376146789,0.9809475268190865
Test,0.5011440011440011,0.517017017017017,0.5187330187330188,0.5405405405405406,0.5413985413985414,0.5428285428285429,0.8572143572143572,0.8768768768768769,0.8868868868868869,0.8901043901043901,0.8974688974688975,0.9192049192049192,0.9274274274274275,0.9274274274274275,0.9324324324324325,0.9324324324324325,0.9380094380094379,0.9433004433004433,0.9433004433004433,0.9459459459459459,0.9462319462319462,0.9515229515229515,0.9594594594594594,0.9676819676819677,0.9676819676819677,0.9676819676819677,0.972972972972973,0.972972972972973,0.972972972972973,0.972972972972973
