,decision_tree,adaboost,samba,random_forest,random_scm,scm
0,0.09479062662895339,0.04757141030214896,0.08571428571428572,0.053088467239493634,0.07254008885795407,0.4
1,0.0,0.01736158372367345,0.0,0.0813700902783784,0.1078752147590196,0.0
2,0.01052191772070715,0.05021668888789028,0.0,0.0891123104223441,0.20008586051773786,0.2
3,0.018187331501459982,0.10470560097873825,0.11428571428571428,0.1577310945016921,0.1661192213741608,0.2
4,0.0,0.030383337003281285,0.05714285714285714,0.1574117952269315,0.1016656422678063,0.0
5,0.06749931297572191,0.1692343858672227,0.05714285714285714,0.10419050537480123,0.07649365432512228,0.0
6,0.007147942547692261,0.07152228308525876,0.0,0.13492115958038706,0.09134134115511662,0.0
7,0.8018528686254653,0.5090047101517862,0.6857142857142857,0.22217457737597193,0.1838789767430824,0.2
