,samba-clinic,random_forest-clinic,random_scm-clinic,scm-clinic,decision_tree-clinic,adaboost-clinic,scm-mirna,decision_tree-mirna,adaboost-mirna,random_forest-mirna,samba-mirna,decision_tree-methyl,samba-methyl,scm-rna_iso,scm-methyl,scm-rna,random_forest-methyl,random_scm-mirna,decision_tree-rna_iso,random_forest-rna_iso,random_scm-methyl,decision_tree-rna,random_scm-rna,adaboost-methyl,samba-rna,random_forest-rna,adaboost-rna,random_scm-rna_iso,samba-rna_iso,adaboost-rna_iso
Train,0.5231137647039787,0.6009174311926606,0.5220539456013462,0.6032959565069657,0.9761823859683187,0.963302752293578,0.9340242383055839,1.0,1.0,0.9908256880733946,0.9698315615746809,1.0,1.0,0.9947089947089947,0.9514991181657848,0.9858906525573192,1.0,0.9636668122906655,1.0,1.0,0.9797178130511464,1.0,0.9947089947089947,1.0,0.9800656926039188,0.9807695419316214,1.0,0.9763603708557838,0.9809475268190865,1.0
Test,0.494994994994995,0.5082225082225083,0.5082225082225083,0.5333190333190333,0.5475475475475475,0.5525525525525525,0.8442728442728442,0.868082368082368,0.9001144001144001,0.9027599027599027,0.9136279136279136,0.9165594165594166,0.9189189189189189,0.9192049192049192,0.9256399256399257,0.9274274274274275,0.9324324324324325,0.9335764335764336,0.9380094380094379,0.9459459459459459,0.9491634491634491,0.9541684541684542,0.9541684541684542,0.9568139568139569,0.9568139568139569,0.9594594594594594,0.9594594594594594,0.9703274703274702,0.9703274703274702,0.9703274703274702
