,scm-clinic,decision_tree-clinic,adaboost-clinic,samba-clinic,random_forest-clinic,random_scm-clinic,scm-mirna,scm-methyl,random_scm-mirna,decision_tree-mirna,scm-rna,decision_tree-methyl,random_scm-methyl,scm-rna_iso,adaboost-mirna,samba-mirna,random_forest-mirna,decision_tree-rna_iso,samba-methyl,random_forest-methyl,decision_tree-rna,random_scm-rna,random_forest-rna_iso,adaboost-methyl,samba-rna,adaboost-rna_iso,random_forest-rna,random_scm-rna_iso,adaboost-rna,samba-rna_iso
Train,0.5458579881656804,0.9911242603550295,0.9881656804733728,0.8402366863905325,0.871301775147929,0.8446745562130178,0.9452662721893491,0.9186390532544378,0.9452662721893491,1.0,0.9763313609467456,1.0,0.9659763313609467,0.9911242603550295,1.0,0.9866863905325444,0.9970414201183432,1.0,1.0,1.0,1.0,0.9911242603550295,1.0,1.0,0.985207100591716,1.0,0.992603550295858,0.985207100591716,1.0,0.9866863905325444
Test,0.4557522123893805,0.7522123893805309,0.7787610619469026,0.8097345132743363,0.831858407079646,0.831858407079646,0.8849557522123894,0.8938053097345132,0.9070796460176991,0.9247787610619469,0.9513274336283186,0.9513274336283186,0.9513274336283186,0.9557522123893806,0.9601769911504425,0.9646017699115044,0.9646017699115044,0.9690265486725663,0.9734513274336283,0.9778761061946902,0.9778761061946902,0.9778761061946902,0.9823008849557522,0.9823008849557522,0.9823008849557522,0.9867256637168141,0.9867256637168141,0.9867256637168141,0.9867256637168141,0.9867256637168141
