,decision_tree,adaboost,samba,random_forest,random_scm,scm
0,0.06948174925433605,0.040508793287275024,0.038461538461538464,0.06559394888086757,0.07256501342413867,0.0
1,0.024950983535109713,0.05093406271181906,0.0,0.07582423621636672,0.11247577080741494,0.5
2,0.03322996884190769,0.104926894483958,0.40384615384615385,0.09665760860324728,0.08707801610896641,0.0
3,0.041800193121231864,0.10985590555228392,0.11538461538461539,0.15749424564136258,0.1054460351319515,0.0
4,0.04380780608572097,0.10818413231394175,0.038461538461538464,0.13421051466311618,0.12577935660184036,0.0
5,0.13522222742243672,0.1933606920810708,0.057692307692307696,0.09733656045072528,0.13894065805621847,0.0
6,0.04052581101443151,0.1271362777180367,0.0,0.13021283134991146,0.18632349911531362,0.0
7,0.6109812607248255,0.2650932418516146,0.34615384615384615,0.2426700541944029,0.17139165075415608,0.5
