,decision_tree,adaboost,samba,random_forest,random_scm,scm
0,0.13342398138153347,0.11338487065724567,0.015151515151515152,0.1363280264556932,0.11816266817973019,0.5
1,0.17854019606658084,0.17000993812173265,0.3939393939393939,0.15191179313741007,0.18707856726828373,0.0
2,0.30303364219458956,0.33084820570815604,0.06060606060606061,0.2790476251294748,0.2174193094507036,0.5
3,0.1480179251549691,0.1528298344346087,0.48484848484848486,0.16850346715292877,0.1450646264036557,0.0
4,0.0,0.0,0.0,0.00484777390778421,0.061225712924165586,0.0
5,0.0,0.02389301907583262,0.015151515151515152,0.006315301643952451,0.04973644333839624,0.0
6,0.1203221669364141,0.11185622304659079,0.015151515151515152,0.10844089844091168,0.13322261608498995,0.0
7,0.11666208826591284,0.09717790895583334,0.015151515151515152,0.14460511413184496,0.08809005635007497,0.0
