,decision_tree,adaboost,samba,random_forest,random_scm,scm
0,0.12436000410512851,0.1389794205581,0.1111111111111111,0.13062959622311493,0.17232720802206308,0.3333333333333333
1,0.17211435742184902,0.2677183240580201,0.13333333333333333,0.17235084650956542,0.15447331661155078,0.16666666666666666
2,0.23893863258762688,0.19895745620917218,0.17777777777777778,0.2089700021337413,0.17576913496343666,0.0
3,0.20967028341620395,0.1477327593718846,0.24444444444444444,0.1737698313136473,0.14416644032458686,0.16666666666666666
4,0.1550838867668335,0.15754117161021797,0.24444444444444444,0.200525087398676,0.20251952331311016,0.16666666666666666
5,0.09983283570235818,0.08907086819260512,0.08888888888888889,0.11375463642125505,0.15074437676525246,0.16666666666666666
