,decision_tree,adaboost,samba,random_forest,random_scm,scm
0,0.07514194407153615,0.029263976797518312,0.1111111111111111,0.04737548059542656,0.13304938950473344,0.6666666666666666
1,0.0,0.015667032131399052,0.0,0.08243486250826366,0.15177706628063745,0.0
2,0.014498868816747916,0.16127580697845922,0.0,0.09065889167025516,0.12665104560521315,0.08333333333333333
3,0.0,0.07481307210716921,0.0,0.1428150642666739,0.11081748637412245,0.08333333333333333
4,0.0,0.10114344296497825,0.1111111111111111,0.12129239257221906,0.13057894911051632,0.0
5,0.033503107591579616,0.15292935335239724,0.2222222222222222,0.09982340301038052,0.07286674674566315,0.0
6,0.0,0.07219136359832387,0.0,0.1321069393861724,0.10815889069064118,0.08333333333333333
7,0.8768560795201362,0.39271595206975435,0.5555555555555556,0.2834929659906088,0.16610042568847286,0.08333333333333333
