,decision_tree,adaboost,samba,random_forest,random_scm,scm
0,0.0808044077982933,0.03938785915444393,0.16981132075471697,0.057171765795353185,0.0,0.75
1,0.0,0.053648355033941275,0.0,0.06383629007100555,0.0,0.0
2,0.008840450299059785,0.07567779218617215,0.03773584905660377,0.09413355786280779,0.0,0.08333333333333333
3,0.0,0.04928744979985445,0.09433962264150944,0.14067292342081417,0.2357437745262513,0.08333333333333333
4,0.0,0.1442559635131054,0.0,0.1522988958524622,0.021663335716057126,0.0
5,0.07228004822611767,0.18785983601442932,0.018867924528301886,0.10169757853964395,0.0,0.0
6,0.0,0.0880506106070626,0.0,0.12884335065235086,0.013260587317101634,0.0
7,0.8380750936765293,0.36183213369099115,0.6792452830188679,0.2613456378055623,0.7293323024405899,0.08333333333333333
