,decision_tree,adaboost,samba,random_forest,random_scm,scm
0,0.14798410823901903,0.05145038795507548,0.022222222222222223,0.1284783523141142,0.16666666666666666,0.3333333333333333
1,0.10918126521352801,0.19636276819422496,0.06666666666666667,0.14839569491600937,0.16666666666666666,0.3333333333333333
2,0.2726205486409189,0.16021582292405537,0.2222222222222222,0.22341504979382334,0.16666666666666666,0.0
3,0.13997347218912867,0.10509892628136003,0.13333333333333333,0.1677154676603295,0.16666666666666666,0.0
4,0.22142719332898683,0.30149607666816064,0.4444444444444444,0.2081146263746524,0.16666666666666666,0.16666666666666666
5,0.10881341238841863,0.18537601797712344,0.1111111111111111,0.12388080894107129,0.16666666666666666,0.16666666666666666
