,decision_tree,adaboost,samba,random_forest,random_scm,scm
0,0.07122787883463692,0.05592296853624907,0.0196078431372549,0.08083518366106185,0.13148066624598306,0.0
1,0.3275120072052168,0.2584155722594157,0.29411764705882354,0.2909251329414746,0.14229869574723486,1.0
2,0.10329998247114444,0.06445259311195105,0.0,0.08070739315019429,0.1022442480554206,0.0
3,0.06038610236316439,0.04217460452937004,0.0,0.0638080994112426,0.09381173275188076,0.0
4,0.0388786753583944,0.036682106555441255,0.0,0.07574170578719672,0.12704250029675157,0.0
5,0.19447213348493944,0.17134819901249768,0.21568627450980393,0.1538875798253322,0.11680173224497754,0.0
6,0.13199430054141845,0.1903926183638368,0.19607843137254902,0.1284112134767731,0.16992795990466653,0.0
7,0.07222891974108513,0.18061133763123818,0.27450980392156865,0.12568369174672478,0.11639246475308515,0.0
