,random_forest-clinic,scm-clinic,random_scm-clinic,samba-clinic,adaboost-clinic,decision_tree-clinic,decision_tree-mirna,decision_tree-methyl,scm-mirna,random_forest-mirna,scm-methyl,random_scm-mirna,samba-mirna,scm-rna_iso,scm-rna,random_scm-methyl,decision_tree-rna_iso,samba-methyl,decision_tree-rna,random_scm-rna,samba-rna_iso,adaboost-rna_iso,random_scm-rna_iso,adaboost-mirna,random_forest-rna,random_forest-methyl,random_forest-rna_iso,samba-rna,adaboost-rna,adaboost-methyl
Train,0.591743119266055,0.5423442227723574,0.5423442227723574,0.7235409284338947,0.6259728492144394,0.9670080740417132,1.0,1.0,0.926977654806401,1.0,0.9814814814814814,0.964548646505833,0.9543064252544375,0.9677200135915732,0.9867724867724867,0.9638447971781305,0.9872983512127242,0.973714868210281,1.0,0.9964726631393298,0.9735368833228161,1.0,0.9700095464621459,1.0,0.9862385321100917,1.0,1.0,1.0,1.0,1.0
Test,0.4973544973544973,0.5055770055770056,0.5055770055770056,0.5064350064350065,0.5464035464035464,0.5610610610610611,0.8786643786643786,0.9004004004004004,0.9118404118404119,0.9433004433004433,0.9518089518089519,0.9547404547404548,0.9594594594594594,0.9600314600314601,0.9626769626769627,0.962962962962963,0.965036465036465,0.9676819676819677,0.9676819676819677,0.9785499785499785,0.9811954811954813,0.9811954811954813,0.9811954811954813,0.9811954811954813,0.9838409838409838,0.9838409838409838,0.9838409838409838,0.9838409838409838,0.9864864864864865,0.9864864864864865
