,decision_tree-clinic,samba-clinic,adaboost-clinic,scm-clinic,random_scm-clinic,random_forest-clinic,scm-mirna,random_scm-methyl,random_scm-mirna,decision_tree-mirna,decision_tree-methyl,scm-rna_iso,scm-methyl,scm-rna,decision_tree-rna_iso,random_forest-mirna,decision_tree-rna,samba-methyl,random_scm-rna,adaboost-rna_iso,samba-mirna,adaboost-mirna,samba-rna_iso,random_scm-rna_iso,random_forest-rna,random_forest-rna_iso,random_forest-methyl,samba-rna,adaboost-rna,adaboost-methyl
Train,0.9881656804733728,0.8905325443786983,0.8698224852071006,0.8476331360946747,0.8476331360946747,0.8683431952662722,0.9023668639053254,0.9393491124260355,0.9467455621301775,1.0,1.0,0.9644970414201184,0.9689349112426036,0.977810650887574,0.9911242603550295,1.0,1.0,0.9807692307692307,0.9940828402366864,1.0,0.9792899408284024,1.0,0.9866863905325444,0.9807692307692307,0.9955621301775148,1.0,1.0,1.0,1.0,1.0
Test,0.756637168141593,0.7743362831858407,0.8230088495575222,0.827433628318584,0.827433628318584,0.831858407079646,0.9070796460176991,0.9380530973451328,0.9424778761061947,0.9424778761061947,0.9424778761061947,0.9513274336283186,0.9557522123893806,0.9557522123893806,0.9778761061946902,0.9778761061946902,0.9823008849557522,0.9823008849557522,0.9823008849557522,0.9867256637168141,0.9867256637168141,0.9867256637168141,0.9867256637168141,0.9867256637168141,0.9911504424778761,0.9911504424778761,0.9911504424778761,0.9911504424778761,0.995575221238938,0.995575221238938
