,scm-clinic,random_scm-clinic,decision_tree-clinic,adaboost-clinic,samba-clinic,random_forest-clinic,scm-mirna,random_scm-methyl,random_scm-mirna,decision_tree-mirna,decision_tree-methyl,scm-methyl,decision_tree-rna,scm-rna_iso,samba-mirna,decision_tree-rna_iso,samba-methyl,random_scm-rna,scm-rna,random_forest-mirna,adaboost-rna_iso,samba-rna,samba-rna_iso,adaboost-mirna,adaboost-methyl,random_forest-rna,random_scm-rna_iso,random_forest-rna_iso,random_forest-methyl,adaboost-rna
Train,0.5355029585798816,0.7144970414201184,0.9881656804733728,0.9423076923076923,0.8239644970414202,0.8846153846153846,0.9142011834319527,0.9423076923076923,0.9644970414201184,1.0,1.0,0.9718934911242604,1.0,0.985207100591716,0.9866863905325444,1.0,0.9837278106508875,0.9911242603550295,0.992603550295858,0.9985207100591716,1.0,0.9896449704142012,1.0,1.0,1.0,1.0,0.9866863905325444,0.9955621301775148,1.0,1.0
Test,0.504424778761062,0.6637168141592921,0.7389380530973452,0.8185840707964602,0.8230088495575221,0.8407079646017699,0.8893805309734514,0.9247787610619469,0.9424778761061947,0.9424778761061947,0.9469026548672567,0.9469026548672567,0.9557522123893806,0.9601769911504425,0.9601769911504425,0.9646017699115044,0.9646017699115044,0.9690265486725663,0.9690265486725663,0.9690265486725663,0.9690265486725663,0.9690265486725663,0.9734513274336283,0.9734513274336283,0.9734513274336283,0.9778761061946902,0.9778761061946902,0.9778761061946902,0.9823008849557522,0.9867256637168141
