,random_forest-clinic,random_scm-clinic,scm-clinic,decision_tree-clinic,adaboost-clinic,samba-clinic,decision_tree-methyl,scm-mirna,decision_tree-rna,decision_tree-mirna,samba-mirna,random_forest-mirna,decision_tree-rna_iso,scm-rna,adaboost-rna_iso,adaboost-mirna,scm-rna_iso,random_scm-mirna,random_scm-methyl,samba-methyl,scm-methyl,random_scm-rna,samba-rna,samba-rna_iso,adaboost-methyl,random_forest-rna,random_forest-rna_iso,random_forest-methyl,random_scm-rna_iso,adaboost-rna
Train,0.6422018348623854,0.6037813698364157,0.6230603692377392,0.9670080740417132,0.8396275261718686,0.5949306667961103,1.0,0.9303270067796061,1.0,1.0,0.9735368833228161,0.9954128440366973,1.0,0.9955908289241622,1.0,1.0,0.9911816578483246,0.9603093700953028,0.9656084656084656,0.9791838583887513,0.9795398281636813,0.9947089947089947,0.9790058735012863,1.0,1.0,1.0,0.9862385321100917,1.0,0.9735368833228161,1.0
Test,0.5135135135135135,0.5163735163735164,0.5298155298155298,0.5504790504790504,0.5546260546260546,0.579007579007579,0.8921778921778922,0.9012584012584013,0.9192049192049192,0.9221364221364221,0.9327184327184327,0.9380094380094379,0.9462319462319462,0.948877448877449,0.948877448877449,0.9515229515229515,0.9544544544544544,0.9547404547404548,0.955026455026455,0.9570999570999571,0.9573859573859573,0.9597454597454598,0.9597454597454598,0.9623909623909623,0.9623909623909623,0.965036465036465,0.965036465036465,0.9676819676819677,0.9759044759044759,0.9811954811954813
