,scm-clinic,samba-clinic,random_forest-clinic,random_scm-clinic,decision_tree-clinic,adaboost-clinic,scm-mirna,random_forest-mirna,random_scm-mirna,decision_tree-rna_iso,decision_tree-mirna,decision_tree-methyl,samba-mirna,samba-methyl,random_forest-methyl,random_forest-rna,random_forest-rna_iso,scm-rna_iso,scm-methyl,adaboost-mirna,random_scm-methyl,adaboost-methyl,adaboost-rna,random_scm-rna_iso,adaboost-rna_iso,samba-rna,random_scm-rna,samba-rna_iso,scm-rna,decision_tree-rna
Train,0.6302768474022297,0.7808763328641004,0.6834862385321101,0.6415788877562578,0.963302752293578,0.9532466061518049,0.9435545200071194,0.9853566978949242,0.9490235101855897,1.0,1.0,1.0,0.9551882594696051,0.9689497273595133,1.0,1.0,1.0,0.9788359788359788,0.9742488228726761,1.0,0.962962962962963,1.0,1.0,0.9910036729608596,1.0,0.9744187175379836,0.9964726631393298,0.9754785366406161,0.9938271604938271,1.0
Test,0.4543114543114543,0.4984984984984985,0.5135135135135135,0.5430430430430431,0.5472615472615472,0.5522665522665523,0.8903903903903904,0.8974688974688975,0.9009724009724009,0.903045903045903,0.9221364221364221,0.93007293007293,0.9353639353639354,0.9406549406549407,0.9433004433004433,0.9459459459459459,0.9459459459459459,0.9491634491634491,0.9491634491634491,0.9515229515229515,0.9520949520949521,0.9541684541684542,0.9568139568139569,0.9568139568139569,0.9568139568139569,0.9676819676819677,0.9676819676819677,0.9676819676819677,0.9706134706134706,0.9732589732589733
