,decision_tree,adaboost,samba,random_forest,random_scm,scm
0,0.08572617867081865,0.08382778255704672,0.03571428571428571,0.07426748233985903,0.15313173277625738,0.2
1,0.2679679006982774,0.22091726953234214,0.35714285714285715,0.31239049733252255,0.2738837022097489,0.2
2,0.05835857478088891,0.061239284374686044,0.0,0.06407700242292638,0.016137928581382507,0.0
3,0.020160542512049566,0.028293961536294914,0.0,0.05135641061121801,0.013519557492871192,0.0
4,0.06676703970650495,0.06768734729423946,0.0,0.06571315582449068,0.08299506127568147,0.2
5,0.20196059682850245,0.23365238986422357,0.3392857142857143,0.17990199040469412,0.23111543379161062,0.2
6,0.1388308209721029,0.17842885563290894,0.07142857142857142,0.11465337916003628,0.17441601709711743,0.2
7,0.16022834583085513,0.12595310920825814,0.19642857142857142,0.13764008190425298,0.05480056677533036,0.0
