,scm-clinic,random_forest-clinic,samba-clinic,adaboost-clinic,random_scm-clinic,decision_tree-clinic,decision_tree-mirna,scm-mirna,scm-methyl,scm-rna,samba-mirna,adaboost-mirna,random_scm-mirna,decision_tree-methyl,adaboost-methyl,scm-rna_iso,random_forest-methyl,samba-methyl,random_scm-methyl,decision_tree-rna,decision_tree-rna_iso,random_forest-rna,random_scm-rna,random_scm-rna_iso,random_forest-rna_iso,samba-rna_iso,adaboost-rna_iso,samba-rna,random_forest-mirna,adaboost-rna
Train,0.5488730320534602,0.7009530281701535,0.518348623853211,0.700249178842451,0.5534359173502904,0.9678899082568808,1.0,0.9179894179894179,0.9698396517968384,0.9691358024691358,0.9670080740417132,1.0,0.9417908515767843,0.9447842337750594,1.0,0.9797178130511464,1.0,1.0,0.9814814814814814,1.0,1.0,1.0,0.9754785366406161,0.9835930294645892,1.0,1.0,1.0,1.0,1.0,1.0
Test,0.49764049764049767,0.5002860002860002,0.5135135135135135,0.5355355355355356,0.5367510367510367,0.5396110396110396,0.8868868868868869,0.8962533962533963,0.9171314171314171,0.9309309309309309,0.9353639353639354,0.9380094380094379,0.938867438867439,0.9438724438724438,0.9462319462319462,0.9465179465179465,0.9515229515229515,0.9515229515229515,0.9547404547404548,0.9570999570999571,0.9597454597454598,0.9623909623909623,0.9623909623909623,0.9623909623909623,0.9623909623909623,0.9623909623909623,0.9623909623909623,0.9623909623909623,0.965036465036465,0.965036465036465
