,random_scm-clinic,decision_tree-clinic,scm-clinic,random_forest-clinic,adaboost-clinic,samba-clinic,scm-mirna,scm-rna,scm-methyl,random_scm-mirna,decision_tree-mirna,decision_tree-methyl,random_scm-methyl,scm-rna_iso,decision_tree-rna,adaboost-methyl,samba-mirna,adaboost-mirna,decision_tree-rna_iso,random_forest-rna_iso,samba-rna_iso,random_forest-rna,adaboost-rna_iso,random_scm-rna_iso,random_forest-methyl,samba-methyl,random_scm-rna,samba-rna,random_forest-mirna,adaboost-rna
Train,0.26331360946745563,0.9896449704142012,0.8461538461538461,0.9023668639053254,0.8949704142011834,0.8446745562130178,0.8624260355029585,0.9482248520710059,0.9556213017751479,0.9334319526627219,1.0,0.9571005917159763,0.9689349112426036,0.9659763313609467,1.0,1.0,0.9881656804733728,1.0,1.0,1.0,1.0,1.0,1.0,0.9911242603550295,1.0,1.0,0.9837278106508875,1.0,1.0,1.0
Test,0.24336283185840707,0.7389380530973452,0.8141592920353983,0.8185840707964602,0.8230088495575222,0.8407079646017699,0.8628318584070797,0.9026548672566371,0.915929203539823,0.915929203539823,0.9380530973451328,0.9424778761061947,0.9424778761061947,0.9469026548672567,0.9646017699115044,0.9646017699115044,0.9646017699115044,0.9690265486725663,0.9690265486725663,0.9734513274336283,0.9734513274336283,0.9734513274336283,0.9734513274336283,0.9734513274336283,0.9734513274336283,0.9734513274336283,0.9734513274336283,0.9734513274336283,0.9778761061946902,0.9778761061946902
