,decision_tree,adaboost,samba,random_forest,random_scm,scm
0,0.0,0.02170884543541257,0.0,0.07834371970956823,0.11163808950561209,0.0
1,0.5200525645660775,0.3109932695908483,0.6666666666666666,0.2696541040493157,0.14542618258408965,0.5
2,0.0,0.045697474300278144,0.0,0.06705137505509,0.11232959596610495,0.0
3,0.030612677774138237,0.09904582532410094,0.0,0.0707678534996645,0.1256158922631711,0.0
4,0.0,0.016284441992355455,0.0,0.07531475638275283,0.18616303493445213,0.0
5,0.27867567875081967,0.21432901072437052,0.25,0.1822217573569176,0.10127353337101588,0.5
6,0.020938480348476316,0.17015714877275256,0.0,0.11017134625214153,0.1167867066907134,0.0
7,0.14972059856048828,0.12178398385988157,0.08333333333333333,0.1464750876945496,0.10076696468484088,0.0
