,random_scm-clinic,scm-clinic,decision_tree-clinic,adaboost-clinic,samba-clinic,random_forest-clinic,scm-mirna,decision_tree-methyl,scm-methyl,random_scm-mirna,random_scm-rna_iso,decision_tree-mirna,scm-rna_iso,random_scm-methyl,random_forest-mirna,adaboost-methyl,samba-methyl,decision_tree-rna_iso,adaboost-rna_iso,adaboost-mirna,samba-mirna,samba-rna,random_scm-rna,decision_tree-rna,adaboost-rna,random_forest-methyl,random_forest-rna_iso,scm-rna,samba-rna_iso,random_forest-rna
Train,0.47337278106508873,0.47485207100591714,0.9881656804733728,0.9807692307692307,0.8402366863905325,0.8786982248520712,0.9171597633136095,1.0,0.9289940828402367,0.9733727810650887,0.9718934911242604,1.0,0.9733727810650887,0.9822485207100592,1.0,1.0,1.0,1.0,1.0,1.0,0.9881656804733728,0.992603550295858,0.9896449704142012,1.0,1.0,1.0,0.992603550295858,0.9822485207100592,1.0,1.0
Test,0.45132743362831856,0.46017699115044247,0.756637168141593,0.7743362831858407,0.831858407079646,0.8407079646017699,0.8672566371681416,0.9380530973451328,0.9380530973451328,0.9513274336283186,0.9601769911504425,0.9646017699115044,0.9646017699115044,0.9646017699115044,0.9646017699115044,0.9690265486725663,0.9690265486725663,0.9690265486725663,0.9690265486725663,0.9690265486725663,0.9690265486725663,0.9734513274336283,0.9734513274336283,0.9734513274336283,0.9778761061946902,0.9778761061946902,0.9778761061946902,0.9778761061946902,0.9778761061946902,0.9823008849557522
