,samba-clinic,adaboost-clinic,random_forest-clinic,random_scm-clinic,scm-clinic,decision_tree-clinic,decision_tree-methyl,scm-mirna,random_forest-mirna,decision_tree-mirna,samba-methyl,decision_tree-rna_iso,samba-mirna,adaboost-mirna,adaboost-rna_iso,random_scm-mirna,scm-methyl,samba-rna_iso,random_scm-rna_iso,scm-rna_iso,adaboost-methyl,random_scm-rna,decision_tree-rna,samba-rna,scm-rna,adaboost-rna,random_forest-rna_iso,random_forest-methyl,random_forest-rna,random_scm-methyl
Train,0.5045871559633027,0.9440722942251993,0.6275585327573094,0.6304871931783247,0.6313690273934922,0.963302752293578,1.0,0.9506172839506173,1.0,1.0,1.0,1.0,0.9707133957898484,1.0,1.0,0.9767163406307138,0.9576719576719577,1.0,0.9832451499118166,0.9841269841269842,1.0,0.990121838745692,1.0,0.9881801854278918,0.9597754154329078,1.0,0.9807695419316214,1.0,1.0,0.9857126676698542
Test,0.5082225082225083,0.539039039039039,0.556985556985557,0.595881595881596,0.6011726011726012,0.6154011154011154,0.8651508651508651,0.8771628771628772,0.9136279136279136,0.9244959244959245,0.9271414271414271,0.9271414271414271,0.9380094380094379,0.9380094380094379,0.9380094380094379,0.9382954382954383,0.9412269412269412,0.9433004433004433,0.9435864435864436,0.9462319462319462,0.948877448877449,0.9515229515229515,0.9515229515229515,0.9515229515229515,0.9541684541684542,0.9541684541684542,0.9541684541684542,0.9541684541684542,0.9568139568139569,0.9570999570999571
