,decision_tree,adaboost,samba,random_forest,random_scm,scm
0,0.1371876973962866,0.052885473352699025,0.1111111111111111,0.08649193077288961,0.15921214962273778,0.0
1,0.22738034254932318,0.2603929465423088,0.3888888888888889,0.2769234476913659,0.14899259858477978,1.0
2,0.11317567731364692,0.07331402575271505,0.0,0.0734614541966576,0.15237481804384717,0.0
3,0.07126325628635134,0.07193075406312334,0.0,0.06572211407609206,0.06837331578890578,0.0
4,0.04082066054535792,0.054294547964658275,0.0,0.07711146890170346,0.1051897165983166,0.0
5,0.1763124458376403,0.24761094355468805,0.2777777777777778,0.17209427758035029,0.14226060865756202,0.0
6,0.1498314092512199,0.09483834978305679,0.05555555555555555,0.1071692044476409,0.09936921894654308,0.0
7,0.0840285108201739,0.14473295898675093,0.16666666666666666,0.1410261023333002,0.1242275737573077,0.0
