,samba-clinic,random_forest-clinic,scm-clinic,adaboost-clinic,decision_tree-clinic,random_scm-clinic,random_forest-mirna,scm-mirna,decision_tree-methyl,decision_tree-rna_iso,decision_tree-mirna,scm-rna_iso,random_scm-mirna,scm-methyl,scm-rna,decision_tree-rna,samba-rna,random_scm-rna_iso,adaboost-rna,adaboost-methyl,samba-methyl,random_forest-methyl,random_forest-rna_iso,samba-rna_iso,random_scm-rna,random_forest-rna,adaboost-rna_iso,random_scm-methyl,adaboost-mirna,samba-mirna
Train,0.5257592673494814,0.5688073394495413,0.5460495445204925,0.9624209180784105,0.9670080740417132,0.6339578984838923,1.0,0.9481416759704222,1.0,1.0,1.0,0.9571299127874051,0.9629548727408055,0.9717813051146384,0.9708994708994709,1.0,1.0,0.9763603708557838,1.0,1.0,1.0,1.0,1.0,1.0,0.9918855071760271,1.0,1.0,0.9793618432762163,1.0,0.9580117470025726
Test,0.4973544973544973,0.5,0.5055770055770056,0.5604890604890604,0.5745745745745746,0.6086086086086087,0.8783783783783784,0.8792363792363792,0.8921778921778922,0.9001144001144001,0.903045903045903,0.9271414271414271,0.9274274274274275,0.9277134277134278,0.9356499356499357,0.9406549406549407,0.9433004433004433,0.9433004433004433,0.9433004433004433,0.9515229515229515,0.9541684541684542,0.9541684541684542,0.9568139568139569,0.9568139568139569,0.9568139568139569,0.9568139568139569,0.9568139568139569,0.9570999570999571,0.9594594594594594,0.972972972972973
