,random_scm-clinic,decision_tree-clinic,adaboost-clinic,scm-clinic,samba-clinic,random_forest-clinic,scm-mirna,scm-methyl,decision_tree-mirna,scm-rna,decision_tree-methyl,random_scm-mirna,decision_tree-rna_iso,random_forest-mirna,random_scm-methyl,scm-rna_iso,decision_tree-rna,adaboost-methyl,samba-methyl,random_forest-methyl,samba-rna,adaboost-rna,random_scm-rna_iso,adaboost-rna_iso,samba-rna_iso,random_scm-rna,random_forest-rna,random_forest-rna_iso,adaboost-mirna,samba-mirna
Train,0.6967455621301775,0.9881656804733728,0.9866863905325444,0.8476331360946747,0.8446745562130178,0.8609467455621301,0.9378698224852071,0.9526627218934911,1.0,0.9511834319526628,1.0,0.9689349112426036,1.0,1.0,0.977810650887574,0.977810650887574,1.0,1.0,1.0,1.0,1.0,1.0,0.985207100591716,1.0,1.0,0.992603550295858,1.0,1.0,1.0,0.9792899408284024
Test,0.672566371681416,0.7610619469026548,0.7920353982300885,0.827433628318584,0.831858407079646,0.8362831858407079,0.9070796460176991,0.9336283185840708,0.9469026548672567,0.9469026548672567,0.9469026548672567,0.9513274336283186,0.9601769911504425,0.9601769911504425,0.9646017699115044,0.9690265486725663,0.9734513274336283,0.9734513274336283,0.9778761061946902,0.9778761061946902,0.9778761061946902,0.9778761061946902,0.9778761061946902,0.9823008849557522,0.9823008849557522,0.9823008849557522,0.9823008849557522,0.9823008849557522,0.9867256637168141,0.9911504424778761
