,decision_tree,adaboost,samba,random_forest,random_scm,scm
0,0.12199378239234364,0.050711714580936144,0.02702702702702703,0.12106285137568099,0.059555620086175313,0.0
1,0.10703702118818487,0.11113324148662708,0.10810810810810811,0.16780181568269376,0.05254907654662527,0.0
2,0.1487461307203979,0.21029605873543245,0.2702702702702703,0.1989349579892437,0.3500446550605845,0.0
3,0.18736730558677672,0.12669218604523486,0.16216216216216217,0.17487637533941303,0.11760120923710278,0.0
4,0.21345652539428517,0.34707422672009797,0.32432432432432434,0.22507505461879568,0.40955842004795723,1.0
5,0.2213992347180117,0.15409257243167127,0.10810810810810811,0.1122489449941728,0.010691019021554797,0.0
