,decision_tree,adaboost,samba,random_forest,random_scm,scm
0,0.03332926374709273,0.10047683240173896,0.09523809523809523,0.15280656166453563,0.08838218714592863,0.0
1,0.21849027863145704,0.17455190097888082,0.19047619047619047,0.16219289657089217,0.1028071087578955,0.0
2,0.3734397383852625,0.29725620783862494,0.19047619047619047,0.24627460068998852,0.15389444168133368,0.5
3,0.13591060014906986,0.16016589706352288,0.42857142857142855,0.17868512279294355,0.14904387861765156,0.0
4,0.0,0.0,0.0,0.001047510510790434,0.06926606969502001,0.0
5,0.0,0.02156338202348645,0.047619047619047616,0.005969248081568569,0.11703577293296485,0.0
6,0.05757535194035606,0.11786367178410713,0.0,0.12241609596247342,0.1726662636856406,0.5
7,0.18125476714676184,0.1281221079096387,0.047619047619047616,0.13060796372680766,0.14690427748356527,0.0
