,decision_tree,adaboost,samba,random_forest,random_scm,scm
0,0.0,0.0857172234401422,0.03333333333333333,0.0814916052028858,0.13800082054051271,0.0
1,0.6628760965008498,0.19746586880754702,0.3333333333333333,0.262239632315276,0.1574071859290223,0.5
2,0.004992323854195621,0.10492887838737887,0.0,0.07770566633308312,0.10911311601141047,0.0
3,0.0,0.07050243159184454,0.0,0.07103092886606228,0.13477405100082337,0.0
4,0.0,0.07246704841261539,0.0,0.07080877304933302,0.11400532436690043,0.0
5,0.23151309142215767,0.16730241408207028,0.3333333333333333,0.18246193476908623,0.1250702444681544,0.5
6,0.0,0.19074855466220908,0.06666666666666667,0.11922965633358157,0.10904529123067298,0.0
7,0.10061848822279695,0.11086758061619251,0.23333333333333334,0.13503180313069207,0.11258396645250342,0.0
