,decision_tree,adaboost,samba,random_forest,random_scm,scm
0,0.05805229425503608,0.060952774839324486,0.03636363636363636,0.05626504265245063,0.0806009713130751,0.0
1,0.024076265547815293,0.022906884667618543,0.0,0.0695970238120919,0.1286288750657199,0.0
2,0.03252011424309606,0.1141564595547075,0.5636363636363636,0.09296894587571146,0.1272374691530469,0.0
3,0.032860454480506354,0.10468477306705182,0.03636363636363636,0.1471160012578718,0.1135969939443652,0.0
4,0.04547262598183561,0.07005508722916477,0.01818181818181818,0.1562388468029331,0.10249685015106555,0.0
5,0.11715762302645981,0.13226747056705132,0.07272727272727272,0.09584211757339581,0.1286380589065785,0.0
6,0.05359026384676292,0.18922337349564464,0.0,0.12317093600311264,0.17971661379628026,0.0
7,0.6362703586184878,0.3057531765794367,0.2727272727272727,0.25880108602243274,0.13908416766986864,1.0
