,decision_tree,adaboost,samba,random_forest,random_scm,scm
0,0.11515089698113772,0.15033425715013696,0.05263157894736842,0.13254352866043503,0.10484043547277225,0.7692307692307693
1,0.13507047796529678,0.10711241185251624,0.05263157894736842,0.16290036787259649,0.11001845920033981,0.0
2,0.32291535452811126,0.36789662193067946,0.4473684210526316,0.27698879781901475,0.15975933290265046,0.07692307692307693
3,0.1563629669776917,0.16955828883575796,0.42105263157894735,0.17291496391573347,0.15216882213623198,0.07692307692307693
4,0.0,1.5306725589439436e-16,0.0,0.004444698084863186,0.09198264621667754,0.0
5,0.006724184221367598,0.03154615941296931,0.02631578947368421,0.004048041012714486,0.08362058746970685,0.0
6,0.06975935787883358,0.09005083705436363,0.0,0.1092022653612796,0.1607053129302872,0.0
7,0.19401676144756141,0.0835014237635764,0.0,0.13695733727336304,0.13690440367133402,0.07692307692307693
