,decision_tree,adaboost,samba,random_forest,random_scm,scm
0,0.14079524078739358,0.16583687907518824,0.07692307692307693,0.13397834471636008,0.12023033441150029,0.0
1,0.1783713697141419,0.19066940410255676,0.3076923076923077,0.15398763030082055,0.14122830830872005,0.0
2,0.26477912267767795,0.2770358806897874,0.15384615384615385,0.2737161143967909,0.12017533558270967,1.0
3,0.16721980906999434,0.13631621794880353,0.4230769230769231,0.17524958161069024,0.12675053331659328,0.0
4,0.004077617723982831,0.005876831345072338,0.0,0.0036065613206863203,0.08830769697142395,0.0
5,0.01230098675411162,0.014727206145738215,0.038461538461538464,0.005942321563034724,0.10761753585254737,0.0
6,0.09577383430319891,0.10075277737822841,0.0,0.10842379344048793,0.11809608539608486,0.0
7,0.13668201896949883,0.10878480331462545,0.0,0.14509565265112928,0.17759417016042053,0.0
