,scm-clinic,decision_tree-clinic,random_scm-clinic,adaboost-clinic,random_forest-clinic,samba-clinic,scm-mirna,random_scm-mirna,decision_tree-mirna,scm-methyl,decision_tree-methyl,random_scm-methyl,decision_tree-rna_iso,scm-rna_iso,scm-rna,random_forest-mirna,samba-rna_iso,samba-mirna,decision_tree-rna,adaboost-mirna,random_scm-rna_iso,samba-methyl,samba-rna,random_forest-rna,random_forest-rna_iso,adaboost-rna_iso,adaboost-rna,random_forest-methyl,random_scm-rna,adaboost-methyl
Train,0.4792899408284023,0.9896449704142012,0.812130177514793,0.977810650887574,0.8816568047337278,0.8476331360946747,0.9452662721893491,0.9349112426035503,1.0,0.9689349112426036,0.977810650887574,0.9585798816568046,1.0,0.977810650887574,0.9881656804733728,0.9955621301775148,0.9896449704142012,0.9807692307692307,1.0,1.0,0.9881656804733728,1.0,0.985207100591716,0.9955621301775148,0.9955621301775148,1.0,1.0,1.0,0.985207100591716,1.0
Test,0.4557522123893805,0.7345132743362832,0.7610619469026548,0.7964601769911505,0.827433628318584,0.8362831858407079,0.9247787610619469,0.9292035398230089,0.9336283185840708,0.9469026548672567,0.9513274336283186,0.9513274336283186,0.9557522123893806,0.9646017699115044,0.9646017699115044,0.9734513274336283,0.9734513274336283,0.9734513274336283,0.9734513274336283,0.9778761061946902,0.9778761061946902,0.9778761061946902,0.9778761061946902,0.9823008849557522,0.9823008849557522,0.9823008849557522,0.9823008849557522,0.9823008849557522,0.9823008849557522,0.9867256637168141
