,random_forest-clinic,random_scm-clinic,samba-clinic,decision_tree-clinic,adaboost-clinic,scm-clinic,decision_tree-mirna,decision_tree-rna_iso,scm-mirna,scm-rna,decision_tree-methyl,samba-mirna,decision_tree-rna,random_forest-mirna,scm-rna_iso,random_scm-mirna,adaboost-mirna,random_scm-rna_iso,samba-rna,scm-methyl,samba-rna_iso,samba-methyl,random_forest-rna,adaboost-rna_iso,adaboost-rna,random_forest-methyl,random_forest-rna_iso,adaboost-methyl,random_scm-methyl,random_scm-rna
Train,0.6330275229357798,0.5656440625859587,0.5275229357798166,0.9715952300050159,0.9348979822985939,0.6414251735352653,1.0,1.0,0.9340242383055839,0.9855346827823892,0.9719511997799459,0.9551882594696051,1.0,0.9862385321100917,0.9867724867724867,0.9574939727844927,1.0,0.9781240392861188,0.9800656926039188,0.9814814814814814,0.990121838745692,1.0,0.9862385321100917,1.0,1.0,1.0,0.9862385321100917,1.0,0.9753086419753086,0.9911816578483246
Test,0.5055770055770056,0.5093665093665094,0.5108680108680108,0.536965536965537,0.5631345631345631,0.5659230659230658,0.8842413842413843,0.8866008866008865,0.9006864006864007,0.9244959244959245,0.9274274274274275,0.9297869297869298,0.9297869297869298,0.9297869297869298,0.9353639353639354,0.9359359359359359,0.9433004433004433,0.9433004433004433,0.9433004433004433,0.9465179465179465,0.9515229515229515,0.9541684541684542,0.9568139568139569,0.9568139568139569,0.9568139568139569,0.9568139568139569,0.9568139568139569,0.9594594594594594,0.9600314600314601,0.9676819676819677
