,decision_tree,adaboost,samba,random_forest,random_scm,scm
0,0.15771974873320393,0.18024335781678424,0.03636363636363636,0.14891045660092705,0.11121595851982098,0.8571428571428571
1,0.18295738749117954,0.2105432023594594,0.03636363636363636,0.17189771788396765,0.168786572341846,0.0
2,0.23205968368268404,0.23793394412856608,0.07272727272727272,0.2592444859562196,0.2236875810874464,0.14285714285714285
3,0.16607227874593816,0.1397859944086286,0.8181818181818182,0.16934773608270165,0.19233107609242955,0.0
4,0.006694726185754128,0.010235237823032645,0.0,0.00539494507131017,0.019926192568134594,0.0
5,0.0061766188805627955,0.01846678697414996,0.01818181818181818,0.00621359741229347,0.01912914486540921,0.0
6,0.14060837312841976,0.12504056636961755,0.0,0.11383596116888399,0.10095937567854861,0.0
7,0.10771118315225764,0.07775091011976118,0.01818181818181818,0.12515509982369655,0.16396409884636465,0.0
