,decision_tree,adaboost,samba,random_forest,random_scm,scm
0,0.10045526086496158,0.039848588226834486,0.03125,0.13109977580930235,0.1758380192442528,0.625
1,0.19139433487113225,0.09448290415856936,0.078125,0.15997353181887677,0.1602517878772921,0.0
2,0.2166729872723341,0.2698486985960456,0.1875,0.21935287825109384,0.16074110631355862,0.0
3,0.18048792260911978,0.2668027535787556,0.390625,0.16791548623216562,0.16340016571063865,0.125
4,0.20751358067573805,0.20803403928393027,0.234375,0.21090243021985816,0.16795541659184737,0.125
5,0.10347591370671413,0.12098301615586486,0.078125,0.11075589766870336,0.1718135042624105,0.125
